Kod stacji,DsWrocKorzA,LbLublinPiel,LdLodzWSSEMLegiono,MpKrakowWIOSBulw6118,MpKrakowWIOSPrad6115,MpTarnowWIOSSoli6303,MzPlockReja,MzRadomTochter,MzWarszUrsynow,Pm.63.wDSMm,SlKatowKato_kossu,SlZabrzZabr_sklod,SlZoryzZory_sikor,WmPuszcz_IOS_Borecka
Wskaźnik,PM2.5,PM2.5,PM2.5,PM2.5,PM2.5,PM2.5,PM2.5,PM2.5,PM2.5,PM2.5,PM2.5,PM2.5,PM2.5,PM2.5
Czas uśredniania,24g,24g,24g,24g,24g,24g,24g,24g,24g,24g,24g,24g,24g,24g
1/1/2009 0:00,48.7,,57,66.083,60.333,,,,80.5,,,58.61,45,40.38
1/2/2009 0:00,38.6,58,48,64.542,67.375,,29.7,43.4,50.4,22,,37.78,52,7.65
1/3/2009 0:00,24.8,,29,49.25,49.5,,19.8,21.7,41.3,4,,48.7,32,10.74
1/4/2009 0:00,37.5,,40,36.625,33.833,,13.5,35.7,20.3,24,,78.89,52,5.46
1/5/2009 0:00,50.2,32.6,56,54.25,55.458,,36,51.1,11.2,57,,93.06,59,25
1/6/2009 0:00,63.7,30.7,114,70.5,80.708,,89.1,137.2,29.4,12,,149.91,140,31.67
1/7/2009 0:00,128,48.9,61,107.917,118.458,,60.3,54.6,102.2,18,,,114,22.51
1/8/2009 0:00,44.2,38.7,65,63.125,73.958,,33.3,37.1,56.7,30,,114.63,78,11.32
1/9/2009 0:00,139,26.5,50,108.875,114.208,,27,25.9,35.7,20,,78.52,54,7.74
1/10/2009 0:00,63.7,,74,69.25,72.333,,55.8,37.1,24.5,15,,,118,8.2
1/11/2009 0:00,111,,65,81,99.5,,58.5,49.7,42.7,24,,,99,31.24
1/12/2009 0:00,108,39.2,50,147.042,195.125,,63.9,64.4,38.5,35,,,40,52.89
1/13/2009 0:00,106,57.6,74,179.667,207.125,,62.1,33.6,55.3,36,,106.39,53,58.32
1/14/2009 0:00,128,106.5,95,188.542,194.042,,140.4,128.1,117.6,48,,149.94,75,104.77
1/15/2009 0:00,58.9,65.6,80,91.875,100.167,,105.3,56.7,80.5,37,,,109,38.07
1/16/2009 0:00,53.8,49.8,50,43.542,52.667,,24.3,32.2,24.5,21,,67.87,63,5.68
1/17/2009 0:00,87.7,56.5,61,85.042,87,,36,60.2,44.1,23,,159.26,139,5.5
1/18/2009 0:00,66.2,43.1,78,105.208,115.833,,60.3,70,46.2,53,,98.7,66,17.48
1/19/2009 0:00,29.2,29.5,44,64.125,66.042,,51.3,35.7,32.9,31,,77.22,34,34.2
1/20/2009 0:00,67,21.1,66,55.042,68.667,,52.2,33.6,35.7,36,,259.35,92,30.65
1/21/2009 0:00,76.6,30.8,68,85.167,87.292,,77.4,43.4,44.8,43,,186.73,126,28.9
1/22/2009 0:00,40.2,39.4,35,88.667,84.75,,43.2,38.5,33.6,26,,72.31,118,15.87
1/23/2009 0:00,51.4,27.3,37,85.708,83.833,,37.8,37.1,37.1,28,,85.93,63,13.96
1/24/2009 0:00,29.8,37.1,45,66.458,71.542,,39.6,39.2,39.9,25,,85.95,56,16.2
1/25/2009 0:00,61.9,58,71,122.042,118.458,,29.7,60.9,49,31,,222.31,153,15.95
1/26/2009 0:00,60.8,52.1,48,77.75,77.583,,59.4,70,65.1,38,,83.52,54,15.87
1/27/2009 0:00,58.2,22.4,41,48.292,47,,39.6,,33.6,51,,63.06,48,12.36
1/28/2009 0:00,36.4,10.8,28,30.25,31.375,,19.8,,14,37,,25.28,42,9.39
1/29/2009 0:00,23.6,26,39,24.167,27.625,,24.3,,11.2,41,,26.94,29,13.21
1/30/2009 0:00,40.2,36.2,28,29.167,30.042,,19.8,,23.1,14,,45.65,51,6.95
1/31/2009 0:00,23.8,,31,37.875,34.25,,9.9,,28,7,,42.96,48,13.07
2/1/2009 0:00,31,,23,33.708,25.292,27,16.2,,10.5,14,,43.24,39,14.92
2/2/2009 0:00,36.8,21.9,27,44.958,33.083,33,19.8,,11.2,8,,54.26,42,27.72
2/3/2009 0:00,50.7,18.1,,49.458,39.25,29,19.8,,11.2,16,,60.28,53,8
2/4/2009 0:00,98.9,52.5,,99.875,109.208,66,39.6,34.3,37.1,40,,,160,30.74
2/5/2009 0:00,83.3,39.5,55,131.083,114.083,88,83.7,51.1,42,33,,112.04,113,45.08
2/6/2009 0:00,77.8,39.9,47,86.417,107.833,32,31.5,24.5,32.9,29,73,90.56,57,32.34
2/7/2009 0:00,45.9,,33,36.5,43.125,24,29.7,15.4,19.6,28,24,19.63,17,22.53
2/8/2009 0:00,28,,29,50.333,52.208,33,31.5,51.1,18.9,6,57,43.98,36,16.78
2/9/2009 0:00,37.7,24.2,51,37.083,41.458,35,36,51.1,16.8,19,61,60.19,69,16.44
2/10/2009 0:00,34.2,9.4,,48.25,71.75,42,26.1,15.4,24.5,23,53,78.43,55,17.75
2/11/2009 0:00,18.3,14.6,,15.833,15.583,25,9.9,30.8,11.2,28,22,8.43,22,16.6
2/12/2009 0:00,17.5,23.6,,23.958,25.708,22,21.6,26.6,15.4,11,32,20.93,34,16.17
2/13/2009 0:00,20.6,15.4,,26.833,27.75,33,19.8,44.8,16.8,6,,20.19,35,13.52
2/14/2009 0:00,17.8,,,23.25,23.5,37,13.5,51.1,15.4,11,,18.98,42,7.64
2/15/2009 0:00,21.7,,,25.833,27.083,32,34.2,26.6,11.2,25,,20.47,38,3.68
2/16/2009 0:00,44.7,48.3,,46.083,50.042,92,18,65.1,35.7,20,,87.96,57,5.47
2/17/2009 0:00,47.5,67.3,,70.708,75.417,115,14.4,60.2,26.6,5,,87.59,99,6.9
2/18/2009 0:00,19.2,27.1,,37.833,44.833,62,26.1,20.3,16.8,18,,,24,9.18
2/19/2009 0:00,31.2,38.3,,34.5,41.875,45,63.9,11.2,19.6,33,43,,64,26.44
2/20/2009 0:00,54.8,68.2,76,74,99.958,72,53.1,20.3,46.2,30,73,115.83,64,32.88
2/21/2009 0:00,73.8,72.4,80,108.042,100.75,110,24.3,16.8,84,34,76,140.65,86,39.96
2/22/2009 0:00,66.7,30.2,43,129.5,111.333,106,83.7,25.9,78.4,21,80,257.66,128,43.62
2/23/2009 0:00,12.9,35.6,53,44.167,34.292,52,49.5,18.9,35.7,34,25,70.19,38,38.7
2/24/2009 0:00,31.7,62.1,103,72.917,71.625,82,27.9,3.5,60.2,34,,43.15,49,50.9
2/25/2009 0:00,36.5,33.7,43,63.792,67.292,89,14.4,18.9,44.8,18,,55.16,62,15.94
2/26/2009 0:00,22.7,31.5,33,32.667,30.417,44,29.7,30.8,16.8,7,,,33,13.68
2/27/2009 0:00,13,19.6,26,26.833,28.625,,36,10.5,12.6,10,,,32,2.24
2/28/2009 0:00,27.5,52.3,57,39.417,52.167,,36,15.4,14,11,,43.06,56,2.25
3/1/2009 0:00,61.4,34.9,34,91.75,70.417,,57.6,26.6,25.9,15,,85.28,104,4.69
3/2/2009 0:00,74.4,27.1,44,58.292,63.417,,51.3,26.6,18.2,28,,96.39,105,13.18
3/3/2009 0:00,35.1,54.4,51,133.333,157.75,,37.8,45.5,41.3,26,,116.67,83,41.15
3/4/2009 0:00,50.2,31.4,45,51.25,64,,39.6,45.5,32.2,38,,,42,28.95
3/5/2009 0:00,32.2,20.6,27,35.667,29.083,,37.8,39.2,25.9,22,,41.02,37,21.94
3/6/2009 0:00,42.2,23,30,24.375,25.833,,,30.8,16.8,22,45,47.78,57,20.26
3/7/2009 0:00,34.3,21.3,39,20.75,25.125,,40.1,38.5,6.3,32,26,18.3,22,21.82
3/8/2009 0:00,20.3,30.1,49,30.292,34.333,,24.6,32.2,18.2,18,30,21.2,34,18.49
3/9/2009 0:00,,37.3,25,30.958,30.917,,23.7,32.2,20.3,19,34,26.85,37,17.51
3/10/2009 0:00,,19.6,29,30.417,36.333,,16.4,20.3,16.8,14,21,,22,11.19
3/11/2009 0:00,23.9,34.8,23,28.917,27.625,,20.1,30.8,15.4,34,24,22.4,31,4.35
3/12/2009 0:00,21.9,37,37,28,29.167,38,15.5,32.9,12.6,14,20,23.79,42,10.22
3/13/2009 0:00,48.4,37.7,60,54.75,57.875,49,18.9,34.3,25.9,30,45,,69,18.96
3/14/2009 0:00,57.9,40.3,58,72.958,85.5,88,19.8,64.4,32.2,,61,58.48,74,20.04
3/15/2009 0:00,19.7,31.3,33,83.208,72.792,44,30.9,40.6,34.3,,72,92.77,65,
3/16/2009 0:00,27.9,29.5,50,,29.625,42,32.8,37.1,30.8,18,26,15.31,36,18.26
3/17/2009 0:00,25.6,11.5,17,,38.5,47,23.7,11,28,5,44,55.26,45,
3/18/2009 0:00,13.9,7.2,22,,10.917,16,12.8,11,9.1,33,12,3.92,17,2.39
3/19/2009 0:00,18,15.2,22,14.75,15.417,20,14.6,24,9.1,8,,,5,4.56
3/20/2009 0:00,23.5,25.5,31,20.083,19.958,,8.1,27,23.1,12,20,,55,10.28
3/21/2009 0:00,26,29.8,37,39.958,43.208,,10.9,31,18.9,15,45,,61,12.2
3/22/2009 0:00,23.2,21.7,20,54.875,60.083,,14.6,27,25.9,15,47,,51,3.98
3/23/2009 0:00,10,11.4,14,15.875,16.208,,12.8,9,10.5,11,14,,17,3.84
3/24/2009 0:00,9,16.7,17,9.125,9.625,,7.3,18,41.3,9,5,,5,4.32
3/25/2009 0:00,19.4,31.9,34,24.292,29.167,,5.5,26,20.3,16,18,,18,13.74
3/26/2009 0:00,45.3,33.3,39,47.125,46.208,,9.1,57,28,29,44,,40,16.63
3/27/2009 0:00,17.9,24.9,20,26.5,41.958,,14.6,38,29.4,22,20,,22,24.62
3/28/2009 0:00,30.5,24,22,34.957,33.565,,25.6,29,15.4,14,15,,15,14.7
3/29/2009 0:00,20.6,,24,43.708,36.583,,20.1,31,16.8,12,16,,31,7.27
3/30/2009 0:00,37.9,18.8,35,18.333,21.583,,14.6,31,18.2,22,23,,24,9.61
3/31/2009 0:00,81,35.1,72,46.417,38.458,,14.6,20,30.8,24,36,,44,16.91
4/1/2009 0:00,72.7,28.8,31,83.042,53.167,,29.2,21,49,17,54,,47,13.65
4/2/2009 0:00,35.3,37.5,28,72.125,36.375,,25.5,25,22,22,36,,34,44.46
4/3/2009 0:00,77.6,53.5,65,78.792,63.042,,16.5,43,55,37,25,,56,69.01
4/4/2009 0:00,,75.5,56,73.792,68.042,,23.5,82,74,49,51,76.3,56,36.82
4/5/2009 0:00,71.4,37,37,55.417,58.292,,50.5,65,70,20,53,83.15,56,34.07
4/6/2009 0:00,59.6,40.7,19,55.792,56.042,,51.3,35,33,19,40,57.69,50,24.59
4/7/2009 0:00,67.9,56.7,34,56.208,55.542,,67.9,36,53,35,39,47.41,50,12.96
4/8/2009 0:00,78.3,48,27,46.75,49.208,,35.5,38,53,37,39,27.31,39,25.13
4/9/2009 0:00,40.3,30.4,24,42.958,40.125,,54.9,44,37,16,39,40.83,31,20.06
4/10/2009 0:00,33.8,,15,35.417,32.292,,47.1,21,16,16,26,31.48,33,12.04
4/11/2009 0:00,26.9,,19,28.167,24,,29.8,18,22,4,17,18.89,23,24.15
4/12/2009 0:00,27,,16,24.917,23.5,,22.7,19,22,24,20,27.5,20,20
4/13/2009 0:00,27,,22,31.417,22.25,,19.7,21,16,29,20,25.28,22,16.57
4/14/2009 0:00,30.4,24.2,22,30,22.833,,21.3,34,27,26,21,31.39,30,12.19
4/15/2009 0:00,31.9,26.2,17,27,21.5,,29.3,24,18,23,25,22.5,22,12.98
4/16/2009 0:00,29.2,36.4,25,33.125,24.292,,29.3,33,20,18,18,23.24,22,16.75
4/17/2009 0:00,30.5,18,19,24.375,20.042,,30.8,27,38,13,20,23.89,23,23.87
4/18/2009 0:00,18.8,16.3,12,7.042,11.375,,23.8,17,24,3,15,10.65,19,9.05
4/19/2009 0:00,16.5,13.4,13,14.625,12,,10.9,9,9,9,15,21.02,26,9.84
4/20/2009 0:00,24.9,22.7,18,13.458,10.542,,23.7,28,27,6,15,18.43,19,9.97
4/21/2009 0:00,29.3,16.5,19,18.75,15.958,25,14,26,20,8,17,21.85,16,9.01
4/22/2009 0:00,37.7,25.5,22,22.125,16.042,20,23.8,22,26,24,14,15.93,21,12.88
4/23/2009 0:00,25,24.9,25,42.458,40.708,45,30.8,35,30,13,24,26.67,34,13.97
4/24/2009 0:00,24.2,26.3,15,31.833,30.25,42,32.5,33,19,7,28,28.24,31,7.19
4/25/2009 0:00,27.4,,19,18.167,12.75,23,34.1,22,20,,19,14.81,20,15.67
4/26/2009 0:00,25.3,,15,22.25,17.625,27,30.7,24,21,,17,20.46,24,23.16
4/27/2009 0:00,30.8,19.2,15,13.5,17.917,25,,25,20,,12,17.04,20,24.92
4/28/2009 0:00,32.7,21.2,14,19.208,17.25,19,,28,33,13,22,,23,22.63
4/29/2009 0:00,36.2,28.8,19,22.625,19.542,30,,28.4,38,18,24,,24,21.96
4/30/2009 0:00,42.1,22,21,36.167,32.958,42,45.8,,47,7,38,41.08,29,15.92
5/1/2009 0:00,24.5,11.4,10,23.875,21.5,23,12.8,22,20,7,20,18.33,22,10.33
5/2/2009 0:00,29.8,28,18,30.042,23.875,25,36.5,21,19,10,19,16.76,26,13.4
5/3/2009 0:00,32.5,,19,36,32.083,35,73.1,19,37,11,26,31.39,33,11.3
5/4/2009 0:00,27,11.7,13,25.792,26.542,28,12.8,22,38,6,26,25.83,26,10.93
5/5/2009 0:00,27.5,13.2,15,,21.708,18,25.6,17,20,13,20,13.24,22,9
5/6/2009 0:00,19.1,7.3,8,,22.208,19,20.2,12,15,9,19,7.31,14,5.18
5/7/2009 0:00,21.7,12.6,15,15.208,20.25,9,,11,16,11,16,7.87,15,5.98
5/8/2009 0:00,24.9,10.4,12,23.5,24.333,14,,15,20,,21,21.11,18,11.74
5/9/2009 0:00,18.3,,9,25.583,22.792,17,,,14,,18,11.85,21,5.08
5/10/2009 0:00,32.8,,16,23.625,22.375,16,,,17,,20,15.83,20,9.09
5/11/2009 0:00,23.6,,9,17.583,17.25,13,,,16,8,20,16.67,24,5.36
5/12/2009 0:00,23,7,8,12.708,16.208,11,,,8,,15,12.5,15,3.81
5/13/2009 0:00,21.9,11.2,9,15.167,12.875,11,,,8,6,17,9.26,5,3.85
5/14/2009 0:00,21,10.8,9,22.667,16.083,15,14.7,12,11,4,19,31.76,18,3.74
5/15/2009 0:00,26.1,15,10,21.792,15.75,13,20.1,11,12,,18,19.35,21,5.59
5/16/2009 0:00,32.7,21.4,14,24.474,26.708,18,9.2,10,12,,22,21.76,34,8.8
5/17/2009 0:00,27.9,,10,,23.25,14,18.3,9,16,,21,23.89,16,7.2
5/18/2009 0:00,31,11.3,16,,23.75,16,20.1,13,14,9,20,9.07,20,12.38
5/19/2009 0:00,20.1,14.7,15,27.542,28.458,22,23.8,17,16,4,26,22.96,35,7.5
5/20/2009 0:00,27.5,12.3,13,25,25.083,16,16.5,16,11,,23,17.78,26,11.18
5/21/2009 0:00,24.4,14.5,15,,22.333,16,11,16,13,,22,25.83,23,12.26
5/22/2009 0:00,19.6,12.3,11,20.609,19.25,19,11,14,16,,22,17.13,24,9.62
5/23/2009 0:00,21.8,7,9,16.208,16.125,15,20.1,10,7,,12,5.86,19,8.42
5/24/2009 0:00,24.8,10.4,11,18.292,18.833,16,16.5,9,9,,14,20.09,20,5.24
5/25/2009 0:00,26.4,14.7,,17,16.75,17,12.8,12,13,2,19,15.09,25,4.96
5/26/2009 0:00,29.3,10.6,,22.583,22.125,20,49.3,16,18,7,23,26.57,41,10.71
5/27/2009 0:00,13.5,8.6,,18.917,19.333,16,18.2,16,16,4,5,10.09,,6.17
5/28/2009 0:00,15.1,9,,15.042,14.667,15,20.1,14,9,2,18,15.19,,6.69
5/29/2009 0:00,9.2,11.9,,12.125,11.833,15,18.2,,8,1,,9.81,,7.79
5/30/2009 0:00,15.2,,,11,11.375,9,16.4,,5,5,,11.85,,9.7
5/31/2009 0:00,18.1,,,13.958,12.333,11,12.7,,16,,,13.98,,8.32
6/1/2009 0:00,11.2,9.9,,,14.917,13,23.7,,11,10,,10.46,,6.99
6/2/2009 0:00,16.4,11.5,12,,29.167,24,18.3,,12,6,,12.22,,7.64
6/3/2009 0:00,15.8,7,8,,21.625,18,20,,11,3,,8.8,,4.48
6/4/2009 0:00,13.9,7,9,16.958,17.708,16,20.1,9,9,2,,8.15,,4.75
6/5/2009 0:00,14.9,9.1,10,20.292,24.375,19,9.1,6,11,6,,13.24,,4.89
6/6/2009 0:00,21.7,,11,28.583,23.25,19,9.1,9,15,2,,24.72,,4.72
6/7/2009 0:00,18.5,,14,14.292,13.708,10,9.1,11,15,4,,14.17,,4.1
6/8/2009 0:00,21.5,10.3,12,11.292,12.083,12,12.8,14,9,6,,7.59,,6.07
6/9/2009 0:00,24.1,9.9,12,15.75,16.458,19,21.9,11,18,8,,15.56,5,9.3
6/10/2009 0:00,24.4,11.9,13,17.083,16.333,17,31.1,11,16,,,13.43,14,8.04
6/11/2009 0:00,14.9,7.5,8,19.042,18.5,14,21.9,11,16,,11,11.85,11,8.75
6/12/2009 0:00,13.6,7,7,10.35,10.667,11,7.3,6,5,,5,3.98,12,6.21
6/13/2009 0:00,18.8,7,7,,12.125,17,5.5,5,7,,5,5.37,13,4.29
6/14/2009 0:00,16.8,7,9,,11.75,14,7.3,7,9,,5,6.85,10,7.02
6/15/2009 0:00,25.9,16.7,13,,17.792,,9.1,10,12,,19,19.44,5,6.54
6/16/2009 0:00,16.2,8.2,9,18.762,17.667,,5.5,,15,,12,11.67,13,5.93
6/17/2009 0:00,21.1,10.8,10,,19.542,,11,,9,11,13,8.52,17,5.96
6/18/2009 0:00,29.3,15,14,18.917,18.542,18,14.6,,16,3,15,14.54,5,7.79
6/19/2009 0:00,31.3,16.1,13,21.208,21.083,21,12.8,18,15,14,18,23.15,22,6.49
6/20/2009 0:00,23,10.8,,16.333,16.167,15,11,11,12,16,14,16.02,18,6.67
6/21/2009 0:00,17.3,7,,19.083,17.708,11,11,10,15,10,17,23.33,24,5.46
6/22/2009 0:00,15.3,9.9,,10.917,11.167,5,12.8,7,11,10,5,10.83,17,6.36
6/23/2009 0:00,18.2,11.7,,22.333,21.708,19,14.6,20,15,14,10,11.85,16,11.95
6/24/2009 0:00,18.4,12.3,,19.417,18.667,16,11,14,16,13,10,11.3,14,11.76
6/25/2009 0:00,24.5,7.5,,21.875,18.417,19,14.6,13,13,,,18.61,17,7.79
6/26/2009 0:00,17.5,7,,18.292,16.958,15,16.5,10,7,,11,14.54,15,6.05
6/27/2009 0:00,14.7,,,17.875,17.208,,9.1,,13,,17,14.49,13,10.19
6/28/2009 0:00,13.3,,,17.917,18.375,,12.8,,16,,17,13.98,15,12.68
6/29/2009 0:00,17.1,14.5,,27.667,27.136,,11,,16,,26,16.57,22,13.18
6/30/2009 0:00,23.5,16.7,,35.917,32.917,,14.7,22,22,,27,18.33,22,11.57
7/1/2009 0:00,22.9,16.1,17,,34.333,,24.8,21,20,,33,21.59,31,10.42
7/2/2009 0:00,21.7,13,15,,42.042,,,19,24,,31,24.54,30,17.81
7/3/2009 0:00,22.7,11.2,16,,21.083,,,17,18,,20,17.5,21,16.97
7/4/2009 0:00,21.7,11.7,14,,21.625,,,19,17,,20,2.22,22,16.42
7/5/2009 0:00,15.9,9.5,13,,22.625,,,13,17,,20,13.61,17,12.82
7/6/2009 0:00,37.1,9.3,14,,20.833,,,16,13,,21,13.15,18,12.35
7/7/2009 0:00,18.4,10.1,13,,17.708,,,20,16,,22,17.96,18,13.1
7/8/2009 0:00,12,7.3,8,,9.917,,12.8,,14,,14,6.02,5,13.47
7/9/2009 0:00,13.5,7,10,,9.708,,11,,11,,20,51.52,5,13.56
7/10/2009 0:00,13.9,8.1,9,,12.292,,10.9,,15,2,11,9.54,13,14.08
7/11/2009 0:00,12.7,8.4,11,,18.167,,20.1,,11,1,11,,13,13.72
7/12/2009 0:00,14.4,7.3,11,,16.375,,20.1,16,15,5,14,19.07,17,14.01
7/13/2009 0:00,24.4,15.6,15,,13.875,,18.3,21,22,6,17,20.28,18,15.12
7/14/2009 0:00,29.5,18,12,,15.917,,23.7,16,21,15,19,19.72,20,15.28
7/15/2009 0:00,27.6,16.3,11,,25.583,,21.9,24,22,16,60,14.54,14,23.87
7/16/2009 0:00,26.8,16.7,12,,19.292,,20.1,15,20,13,17,11.57,20,16.51
7/17/2009 0:00,31.7,13.5,15,,23.708,,29.3,16,20,13,21,46.57,19,15.76
7/18/2009 0:00,23,14.8,11,,23.708,,11,19,19,14,18,12.31,18,23.23
7/19/2009 0:00,14,7,5,,10.708,,12.8,6,6,6,5,5.28,5,14.89
7/20/2009 0:00,16.2,7.3,5,,12.167,,12.8,8,10,3,5,6.67,10,12.22
7/21/2009 0:00,20.6,11.2,9,,13.833,,14.7,12,11,7,,8.24,11,12.39
7/22/2009 0:00,22.1,10.3,10,,21.042,14,18.3,15,17,7,,13.8,18,17.11
7/23/2009 0:00,28.9,13.4,11,,19.261,15,18.3,18,16,9,,20.09,21,16.42
7/24/2009 0:00,15.1,7,7,,12,12,12.8,11,11,2,,6.48,10,14.29
7/25/2009 0:00,8.9,9.5,4,,8.542,9,12.8,9,12,1,,3.89,5,14.06
7/26/2009 0:00,11.1,11.1,4,,10.458,8,9.1,6,9,2,,3.8,5,11.53
7/27/2009 0:00,16.2,11.5,9,,14.917,11,10.9,9,10,8,,12.69,13,13.13
7/28/2009 0:00,21.3,10.6,,,18.25,16,16.4,16,21,5,,13.43,16,16.56
7/29/2009 0:00,14.1,18.5,12,,22.458,19,18.2,17,19,6,,12.96,19,12.67
7/30/2009 0:00,20.5,18.9,,,26.042,25,20.1,28,23,10,,20.28,23,17.67
7/31/2009 0:00,16.2,12.3,,,15.167,16,18.3,19,16,4,,11.3,19,10.06
8/1/2009 0:00,19,,,,15.583,15,20.1,13,8,7,,13.7,20,10.67
8/2/2009 0:00,26.6,,,,18.333,19,18.2,14,19,13,,21.94,25,11.52
8/3/2009 0:00,10.1,18.5,,,12.083,17,22,18,17,9,,10.74,5,11.68
8/4/2009 0:00,12.1,16.1,13,,12.864,20,16.4,13,18,9,,8.8,5,10.82
8/5/2009 0:00,18.4,16.9,12,,19.667,24,7.3,16,23,11,,12.04,5,10.66
8/6/2009 0:00,19.2,,,,12.958,15,12.8,12,13,11,,10.74,5,11.73
8/7/2009 0:00,19.9,8.2,,,12.87,12,18.3,11,13,10,,12.59,5,11.3
8/8/2009 0:00,20.8,,,,15,13,18.3,11,16,,,10.37,5,11.05
8/9/2009 0:00,17.1,14.8,,,13.708,14,14.6,9,16,,,13.98,11,11.47
8/10/2009 0:00,24.4,16.5,,,,20,18.3,11,18,17,,15.74,5,6.73
8/11/2009 0:00,18.8,15.2,,,,21,14.6,18,22,13,,25.19,5,11.79
8/12/2009 0:00,18.4,13.2,,,18.944,,12.7,12,18,5,,12.31,14,3.83
8/13/2009 0:00,13.6,7,,,17,,12.8,11,11,6,,12.78,5,1.9
8/14/2009 0:00,17.7,10.6,,,17.083,,10.9,11,9,3,,11.57,5,1.41
8/15/2009 0:00,20,,,,16.043,18,10.9,11,12,9,,15.46,11,4.91
8/16/2009 0:00,20.9,,,,15.652,,14.6,12,15,7,,17.41,5,10.6
8/17/2009 0:00,28.6,11.7,,,23.591,,16.4,15,13,6,,16.57,5,6.03
8/18/2009 0:00,13.9,8.8,,,15.667,,12.8,13,13,2,15,12.78,15,2.96
8/19/2009 0:00,17.7,13.7,,,20,,14.6,12,13,4,16,12.5,20,2.33
8/20/2009 0:00,24.3,13.5,,,21.875,,16.5,17,13,9,19,21.76,22,3.8
8/21/2009 0:00,28.5,,,,26.458,,18.3,16,16,8,,23.33,30,8.98
8/22/2009 0:00,14,,,,24.417,,21.9,28,22,5,,15.19,21,9.66
8/23/2009 0:00,10.4,,,,7.125,,7.3,10,9,4,,8.98,5,4.75
8/24/2009 0:00,16.4,9.3,,,10.875,,14.5,10,13,5,,13.24,13,4.82
8/25/2009 0:00,22.7,21.1,,,25.667,,20.2,25,19,20,,19.54,18,9.94
8/26/2009 0:00,18.6,29.1,,,34.167,,21.9,29,28,5,25,26.2,39,13.88
8/27/2009 0:00,27.1,21.2,,,36.727,,18.3,21,20,11,30,29.81,31,5.74
8/28/2009 0:00,17.7,14.8,,,32.375,,18.2,18,16,4,,24.63,24,10.16
8/29/2009 0:00,29.9,17.2,,,23.619,,18.2,23,21,,,18.43,23,7.87
8/30/2009 0:00,16.8,7,,,17.583,,12.8,13,14,,,13.61,12,5.14
8/31/2009 0:00,12,18.6,,,17.208,,14.6,14,11,,,17.96,18,7.31
9/1/2009 0:00,30.9,24.8,,,24.625,,,19,19,37,,22.04,10,10.04
9/2/2009 0:00,26.3,21.3,,,33.545,19,23.8,26,22,15,31,20.09,24,9.19
9/3/2009 0:00,23.9,7.3,,,39.263,44,34.7,31,29,8,33,27.22,26,9.53
9/4/2009 0:00,13,8.8,,,8.391,,12.8,14,11,8,11,12.5,5,5.44
9/5/2009 0:00,8.7,7.1,,10.375,7.25,13,11,11,7,5,5,5,5,2.58
9/6/2009 0:00,8.9,7.7,,12.917,9.958,10,9.1,8,10,6,5,4.07,5,1.16
9/7/2009 0:00,19.9,12,,27.375,17.917,12,16.4,17,19,13,20,17.59,17,2.97
9/8/2009 0:00,25.7,8.4,,47.542,27.208,23,18.3,26,21,18,27,28.52,11,2.65
9/9/2009 0:00,32,16.5,,41.125,28.636,36,20.1,25,18,10,28,21.02,23,3.06
9/10/2009 0:00,47.5,29.1,,58.583,42.826,37,22,37,31,17,40,37.41,30,6.86
9/11/2009 0:00,17.8,40.7,,47.625,44.875,,20.1,32,30,8,33,29.72,29,5.83
9/12/2009 0:00,14.7,,,39.583,38.722,24,14.6,19,19,8,25,29.63,25,2.83
9/13/2009 0:00,11.1,,,22.625,24.417,29,12.8,18,15,5,15,13.33,13,2.63
9/14/2009 0:00,24.9,19.8,,34.5,28.958,,7.3,25,16,4,20,25.19,17,3.09
9/15/2009 0:00,36.5,26.4,,45.125,36.708,,,23,17,6,32,,27,6
9/16/2009 0:00,51.4,27.7,,50,41.625,,23.8,40,36,13,35,28.7,28,10.76
9/17/2009 0:00,27.3,29.3,,29.375,28.417,,16.5,38,31,12,29,27.78,23,1.18
9/18/2009 0:00,21.7,9.2,,26.708,24.042,,18.3,17,11,12,5,19.81,19,0.99
9/19/2009 0:00,20.1,17,,36.667,25.667,,18.3,18,12,14,19,13.7,16,2.33
9/20/2009 0:00,32.4,,,43.917,32.792,,16.5,17,16,26,25,27.04,25,4.8
9/21/2009 0:00,43.2,46,,44.875,43.783,,21.9,46,32,10,35,38.8,37,6.47
9/22/2009 0:00,48.7,53.9,,60.625,60.083,,20.1,51,32,17,53,58.61,50,7.12
9/23/2009 0:00,34.9,37.8,,44.75,47.958,,18.3,33,36,10,34,35.28,30,4.06
9/24/2009 0:00,21.6,20.9,,39.667,39.542,,14.6,25,19,6,13,22.5,27,2.52
9/25/2009 0:00,21.9,13.6,,74.792,25.75,,18.3,19,20,9,22,15.46,18,2.11
9/26/2009 0:00,37.9,,,54.25,35.5,,18.3,29,,15,33,41.57,37,5.05
9/27/2009 0:00,37.9,,,47.167,38.25,,,34,,20,36,41.11,35,7.17
9/28/2009 0:00,40.6,23.6,,41.917,,,,28,,6,41,31.48,39,5.06
9/29/2009 0:00,13.6,9,,32.167,,,,13,,9,29,21.57,25,0.42
9/30/2009 0:00,12.4,13.2,,33.864,25,,,14,,6,19,19.07,25,2.6
10/1/2009 0:00,11.2,7.3,,32.375,24.583,,12.8,13,13,4,18,15.93,10,0.82
10/2/2009 0:00,11.4,7.1,,16.652,16.542,,14.7,8,9,5,12,10.74,18,0.27
10/3/2009 0:00,14.5,11.4,,,37.333,,16.5,14,13,5,14,9.35,17,7.39
10/4/2009 0:00,11.4,8.1,,,30.5,,12.8,11,12,3,13,14.26,5,3.8
10/5/2009 0:00,22.9,22.7,,37.542,34.542,,11,20,11,7,28,25.93,29,1.23
10/6/2009 0:00,33.2,20.2,24,47.833,37.583,,18.3,24,24,11,,49.91,30,3.39
10/7/2009 0:00,20.2,17.2,22,30.417,28.667,,11,25,20,10,,18.43,19,3.44
10/8/2009 0:00,16.3,10.8,14,22.375,22.458,,12.8,17,13,5,,17.04,5,0.73
10/9/2009 0:00,17.2,23.8,25,31.917,21.125,,9.1,21,17,13,24,20.93,20,2.6
10/10/2009 0:00,27.3,18.3,19,41.083,29.708,,14.8,33,15,5,30,32.22,23,2.37
10/11/2009 0:00,14.3,15.6,27,32,26.583,34,,16,17,10,13,26.94,19,2.95
10/12/2009 0:00,1.2,7.5,15,,12.917,15,,14,10,3,5,11.3,5,1.13
10/13/2009 0:00,4.4,7,12,9,13.792,,,9,6,2,5,4.81,5,0.81
10/14/2009 0:00,3.1,7,11,11.958,13.542,,,7,4,16,5,,5,0.7
10/15/2009 0:00,5.4,7.2,32,22.292,22.458,19,,11,12,2,22,6.48,20,1.28
10/16/2009 0:00,17.6,23.7,30,30.333,25.125,25,18.3,12,20,20,12,32.41,11,7.32
10/17/2009 0:00,14.3,64.2,49,34.583,36.625,28,18.3,20,36,21,28,18.33,36,14.34
10/18/2009 0:00,10.3,97.1,49,73.136,64.333,44,27.4,30,51,18,83,31.57,37,23.64
10/19/2009 0:00,34.4,45.3,58,60.167,55.417,60,14.6,38,52,21,71,45.28,44,20.4
10/20/2009 0:00,36,21.3,25,37.083,36.375,37,27.4,17,35,29,34,42.41,39,15.81
10/21/2009 0:00,44.7,25.7,30,62.667,64.542,43,21.9,23,14,24,52,88.33,43,8.33
10/22/2009 0:00,49.8,30.8,36,55.5,41.958,26,14.6,25,42,28,65,86.2,39,14.66
10/23/2009 0:00,24,38.1,37,45.25,37.043,36,20.1,29,24,20,44,44.26,34,14.66
10/24/2009 0:00,27.7,12.8,40,40.667,34.583,,16.5,24,30,24,41,20.46,25,13.92
10/25/2009 0:00,44.1,20.9,38,35.833,34.333,29,9.2,29,39,22,51,80,42,17.28
10/26/2009 0:00,33.1,22.9,46,55.583,34.125,41,20.1,23,40,14,44,62.31,37,23.74
10/27/2009 0:00,10.1,14.6,20,32.208,22.625,37,16.5,19,27,8,30,28.06,18,10.21
10/28/2009 0:00,15.1,19.4,32,30.792,30.458,36,14.6,6,15,23,33,14.68,36,2.55
10/29/2009 0:00,26.9,20.5,23,,60.042,62,17.7,6,16,19,44,61.44,53,4.16
10/30/2009 0:00,37.5,17.2,57,,22.625,32,16.5,11,20,34,30,31.06,36,5.89
10/31/2009 0:00,61.7,34.3,58,,48.667,53,18.3,12,62,7,53,53.29,72,6.89
11/1/2009 0:00,67.8,16.1,28,,43.792,,29.2,17,61,15,59,67.45,70,8.73
11/2/2009 0:00,42.8,20.8,42,,31.625,,23.7,11,18,26,54,106.81,84,8.63
11/3/2009 0:00,59.1,18.5,35,,27.583,,18.2,6,19,23,40,74.49,42,11.75
11/4/2009 0:00,35.8,17.4,42,,32.5,,25.6,8,20,21,26,21.25,35,14.55
11/5/2009 0:00,32.5,25.1,47,,54.292,,21.9,9,30,39,28,63.66,33,13.21
11/6/2009 0:00,46.5,23.8,61,,52.87,,27.4,17,44,47,86,177.69,84,15.17
11/7/2009 0:00,88.3,,49,,54.542,,27.5,11,22,24,92,109.03,205,8.4
11/8/2009 0:00,50.6,,24,,40.917,,21.9,13,30,7,61,35.69,59,3.44
11/9/2009 0:00,20.9,11.4,33,,38.542,,12.7,8,13,6,39,57.87,44,7.67
11/10/2009 0:00,31.2,8.8,26,,44.75,,23.7,7,21,31,36,31.81,21,4.88
11/11/2009 0:00,26,9.5,15,,6.542,,9.2,9,6,14,10,9.31,5,1.24
11/12/2009 0:00,42,15.9,30,,21.087,32,9.1,10,9,32,23,31.34,35,1.52
11/13/2009 0:00,50.7,54.5,54,,57.792,47,,11,29,29,41,88.66,26,6.81
11/14/2009 0:00,50.5,39,52,,64.208,28,,15,37,44,81,105.6,49,20.46
11/15/2009 0:00,37.4,25.3,77,,93.667,69,,20,44,22,81,134.12,49,7.16
11/16/2009 0:00,57.7,32.8,67,,106.5,49,,25,50,35,72,107.36,47,11.38
11/17/2009 0:00,32.7,17.7,33,,91.292,20,,10,43,18,32,57.45,22,15.74
11/18/2009 0:00,17.1,13.9,18,,26.75,27,7.3,6,17,9,5,20.93,5,3.7
11/19/2009 0:00,29.9,19.4,31,32.333,28.13,26,11,12,11,13,14,32.69,65,6.36
11/20/2009 0:00,84.2,32.3,45,100.958,107.75,39,21.9,20,29,17,34,72.41,26,14.35
11/21/2009 0:00,139,52.1,64,115.9,110.958,59,20.1,37,43,23,46,98.8,62,9.7
11/22/2009 0:00,51.2,37.5,50,120.542,90.217,39,21.9,36,44,30,80,103.7,33,32.25
11/23/2009 0:00,17.6,24.9,17,41.458,,,20.1,18,28,10,5,30.28,5,17.32
11/24/2009 0:00,13.8,10.6,16,17.875,22.85,,7.3,5,10,11,,22.96,15,5.13
11/25/2009 0:00,21.6,19.8,28,52,40.375,20,11,12,9,13,,38.98,5,13.86
11/26/2009 0:00,23.2,37.9,34,112.875,81.217,28,16.4,21,16,10,,45.93,11,14.13
11/27/2009 0:00,17.1,25.8,28,146.083,107.391,23,18.3,22,23,8,17,52.96,19,17.81
11/28/2009 0:00,16.7,45.6,35,115.708,106.583,49,11,28,33,22,22,47.59,21,20.04
11/29/2009 0:00,21.2,13.8,34,72.917,79.167,11,,14,27,12,20,51.76,5,23.14
11/30/2009 0:00,28.9,10.6,25,37.25,27.583,13,,18,17,48,13,25.37,5,17.15
12/1/2009 0:00,47,24.7,39,67.043,61.958,,,21,11,17,22,37.22,23,20.55
12/2/2009 0:00,28.4,34.6,43,74.417,77.591,,,27,24,15,43,,32,11.11
12/3/2009 0:00,76.7,42.9,43,95.667,75.375,,,42,42,35,77,97.96,56,13.01
12/4/2009 0:00,68.7,19.3,31,55.625,58.125,,,35,35,35,28,62.13,33,14.84
12/5/2009 0:00,48.8,,38,92.458,106.083,,,29,19,40,64,58.15,56,13.65
12/6/2009 0:00,37.2,,41,97.5,99.708,,,38,39,34,42,48.7,24,12.58
12/7/2009 0:00,34.5,29.5,35,,74,,,20,25,14,15,49.44,12,10.49
12/8/2009 0:00,48,23.6,39,,75,,,29,20,25,50,93.06,39,13.31
12/9/2009 0:00,31.8,17,42,70.708,63,,,32,30,47,41,36.85,16,8.5
12/10/2009 0:00,51.7,41.1,53,49.042,49,,16.5,35,37,32,33,53.8,38,8.72
12/11/2009 0:00,44.1,10.5,26,41.583,36.667,,40.2,14,18,53,39,45.83,30,6.47
12/12/2009 0:00,19.5,,24,19.667,12.722,,34.8,12,7,41,24,23.33,14,10.32
12/13/2009 0:00,18.4,,35,22.333,20,,21.9,13,22,32,,23.24,5,16.07
12/14/2009 0:00,30.8,43.8,37,53.333,52,,22,22,31,56,,31.3,42,23.66
12/15/2009 0:00,26.5,18.7,33,53.792,48.5,,27.2,29,33,21,,,25,16.19
12/16/2009 0:00,32.9,20.1,34,32.5,22.75,,18.3,27,11,38,,34.72,19,14.96
12/17/2009 0:00,49.4,16.2,33,42.875,35.958,,16.5,24,11,14,,71.67,87,8.58
12/18/2009 0:00,58.8,19.7,38,47.625,41.208,,16.5,21,11,14,61,89.26,87,10.26
12/19/2009 0:00,108,57.9,78,65.292,54.227,,36.6,53,,52,87,116.85,74,10.77
12/20/2009 0:00,102,82.5,95,115.125,91.158,,96.4,52,,,77,124.72,97,45.02
12/21/2009 0:00,53,43.7,61,154.542,157,,,46,,72,42,101.02,44,87.22
12/22/2009 0:00,50.9,15,47,45.875,103,,54.7,29,18,37,16,72.59,28,34.75
12/23/2009 0:00,29.1,21.4,36,36.667,43.261,,36.6,17,23,33,34,28.33,10,14.02
12/24/2009 0:00,42.3,27,34,62.292,54.458,,27.3,36,22,17,56,72.5,38,12.4
12/25/2009 0:00,22,13,21,27.792,21.625,,27.3,21,20,13,12,35.65,5,11.26
12/26/2009 0:00,12.2,,24,21.708,22.091,,9.1,8,19,11,5,20.65,5,5
12/27/2009 0:00,71.6,,70,118.917,106.263,,47.4,44,38,27,55,145.19,122,20.03
12/28/2009 0:00,36.2,,39,73.667,49.409,,69.5,55,71,21,59,93.24,29,24.85
12/29/2009 0:00,,,43,48.167,35.714,,27.4,29,24,16,48,71.39,50,7.87
12/30/2009 0:00,53.1,,46,75.875,70.478,,38.3,46,61,19,48,113.43,65,20.58
12/31/2009 0:00,46.5,,61,56.167,45.458,,20,33,23,,94,135.83,39,18.94
